{
	"info": {
		"_postman_id": "f175f718-68dd-4203-a388-8944abceb170",
		"name": "ABS Collection",
		"schema": "https://schema.getpostman.com/json/collection/v2.1.0/collection.json",
		"_exporter_id": "21884802"
	},
	"item": [
		{
			"name": "New Loan",
			"item": [
				{
					"name": "Wedding",
					"request": {
						"method": "GET",
						"header": [],
						"url": {
							"raw": "http://localhost:8080/chatApp/uploadLoanManually?username=Avi&loanId=Wedding&loanGoal=Happy Event&totalSumOfLoan=50000&totalYazTime=20&interestPerPayment=5&paysEveryYaz=2",
							"protocol": "http",
							"host": [
								"localhost"
							],
							"port": "8080",
							"path": [
								"chatApp",
								"uploadLoanManually"
							],
							"query": [
								{
									"key": "username",
									"value": "Avi"
								},
								{
									"key": "loanId",
									"value": "Wedding"
								},
								{
									"key": "loanGoal",
									"value": "Happy Event"
								},
								{
									"key": "totalSumOfLoan",
									"value": "50000"
								},
								{
									"key": "totalYazTime",
									"value": "20"
								},
								{
									"key": "interestPerPayment",
									"value": "5"
								},
								{
									"key": "paysEveryYaz",
									"value": "2"
								}
							]
						}
					},
					"response": []
				}
			]
		},
		{
			"name": "Charge Money To Invest",
			"item": [
				{
					"name": "100,000",
					"request": {
						"method": "GET",
						"header": [],
						"url": {
							"raw": "http://localhost:8080/chatApp/chargeMoneyServlet?username=Avi&amount=100000",
							"protocol": "http",
							"host": [
								"localhost"
							],
							"port": "8080",
							"path": [
								"chatApp",
								"chargeMoneyServlet"
							],
							"query": [
								{
									"key": "username",
									"value": "Avi"
								},
								{
									"key": "amount",
									"value": "100000"
								}
							]
						}
					},
					"response": []
				}
			]
		},
		{
			"name": "Relevant Loans",
			"item": [
				{
					"name": "Loans Criterions",
					"request": {
						"method": "POST",
						"header": [],
						"body": {
							"mode": "raw",
							"raw": "{\r\n    \"customerName\": \"Avi\",\r\n    \"minimumInterest\": 0,\r\n    \"minimumYaz\": 0,\r\n    \"maxOpenLoans\": 10,\r\n    \"userCategoriesList\": [\r\n        \"Setup a business\",\r\n        \"Happy Event\"\r\n    ]\r\n}",
							"options": {
								"raw": {
									"language": "json"
								}
							}
						},
						"url": {
							"raw": "http://localhost:8080/chatApp/showRelevantLoansServlet",
							"protocol": "http",
							"host": [
								"localhost"
							],
							"port": "8080",
							"path": [
								"chatApp",
								"showRelevantLoansServlet"
							]
						}
					},
					"response": [
						{
							"name": "Loans criterions",
							"originalRequest": {
								"method": "POST",
								"header": [],
								"body": {
									"mode": "raw",
									"raw": "{\r\n    \"customerName\": \"StringProperty [value: Ido]\",\r\n    \"minimumInterest\": 0,\r\n    \"minimumYaz\": 0,\r\n    \"maxOpenLoans\": 2147483647,\r\n    \"userCategoriesList\": [\r\n        \"Setup a business\",\r\n        \"Happy Event\"\r\n    ]\r\n}",
									"options": {
										"raw": {
											"language": "json"
										}
									}
								},
								"url": {
									"raw": "http://localhost:8080/chatApp/showRelevantLoansServlet",
									"protocol": "http",
									"host": [
										"localhost"
									],
									"port": "8080",
									"path": [
										"chatApp",
										"showRelevantLoansServlet"
									]
								}
							},
							"status": "OK",
							"code": 200,
							"_postman_previewlanguage": "json",
							"header": [
								{
									"key": "Transfer-Encoding",
									"value": "chunked"
								},
								{
									"key": "Date",
									"value": "Sun, 10 Jul 2022 14:27:56 GMT"
								},
								{
									"key": "Keep-Alive",
									"value": "timeout=20"
								},
								{
									"key": "Connection",
									"value": "keep-alive"
								}
							],
							"cookie": [],
							"body": "[\n    {\n        \"loanId\": \"Damn the banks\",\n        \"loanerName\": \"avi\",\n        \"loanGoal\": \"Setup a business\",\n        \"totalSumOfLoan\": 42000,\n        \"totalYazTime\": 21,\n        \"paysEveryYaz\": 7,\n        \"interestPerPayment\": 20,\n        \"interestMoneyPerPayment\": 0,\n        \"totalInterestMoneyPerLoan\": 0,\n        \"singlePayment\": 0,\n        \"totalFundWithInterest\": 0,\n        \"status\": \"NEW\",\n        \"investorsList\": [],\n        \"totalBalance\": 0,\n        \"missingMoney\": 42000,\n        \"paymentsList\": [],\n        \"fundPaymentsUntilNow\": 0,\n        \"fundPaymentsUntilNowWithoutInterest\": 0,\n        \"interestPaymentsUntilNow\": 0,\n        \"fundLeftToPay\": 0,\n        \"fundLeftToPayWithoutInterest\": 0,\n        \"interestLeftToPay\": 0,\n        \"nextPaymentAccumulatedInRisk\": 0,\n        \"nextPaymentAccumulatedInRiskWithoutInterest\": 0,\n        \"unpaidPayments\": [],\n        \"numOfUnpaidPayments\": 0,\n        \"amountOfUnpaidPayments\": 0,\n        \"startingYaz\": 0,\n        \"endingYaz\": 0,\n        \"nextYazOfPayment\": 0\n    },\n    {\n        \"loanId\": \"Bar Mitzva !\",\n        \"loanerName\": \"avi\",\n        \"loanGoal\": \"Happy Event\",\n        \"totalSumOfLoan\": 2500,\n        \"totalYazTime\": 25,\n        \"paysEveryYaz\": 5,\n        \"interestPerPayment\": 15,\n        \"interestMoneyPerPayment\": 0,\n        \"totalInterestMoneyPerLoan\": 0,\n        \"singlePayment\": 0,\n        \"totalFundWithInterest\": 0,\n        \"status\": \"NEW\",\n        \"investorsList\": [],\n        \"totalBalance\": 0,\n        \"missingMoney\": 2500,\n        \"paymentsList\": [],\n        \"fundPaymentsUntilNow\": 0,\n        \"fundPaymentsUntilNowWithoutInterest\": 0,\n        \"interestPaymentsUntilNow\": 0,\n        \"fundLeftToPay\": 0,\n        \"fundLeftToPayWithoutInterest\": 0,\n        \"interestLeftToPay\": 0,\n        \"nextPaymentAccumulatedInRisk\": 0,\n        \"nextPaymentAccumulatedInRiskWithoutInterest\": 0,\n        \"unpaidPayments\": [],\n        \"numOfUnpaidPayments\": 0,\n        \"amountOfUnpaidPayments\": 0,\n        \"startingYaz\": 0,\n        \"endingYaz\": 0,\n        \"nextYazOfPayment\": 0\n    }\n]"
						}
					]
				}
			]
		},
		{
			"name": "Scramble",
			"item": [
				{
					"name": "Investor Loans Choices",
					"request": {
						"method": "POST",
						"header": [],
						"body": {
							"mode": "raw",
							"raw": "{\r\n    \"customerName\": \"Avi\",\r\n    \"loansToInvestList\": [\r\n        \"Damn the banks\",\r\n        \"Bar Mitzva !\"\r\n    ],\r\n    \"amountToInvest\": 100000,\r\n    \"maxOwnershipPercentage\": 100\r\n}",
							"options": {
								"raw": {
									"language": "json"
								}
							}
						},
						"url": {
							"raw": "http://localhost:8080/chatApp/loansToInvestServlet",
							"protocol": "http",
							"host": [
								"localhost"
							],
							"port": "8080",
							"path": [
								"chatApp",
								"loansToInvestServlet"
							]
						}
					},
					"response": [
						{
							"name": "Loans criterions",
							"originalRequest": {
								"method": "POST",
								"header": [],
								"body": {
									"mode": "raw",
									"raw": "{\r\n    \"customerName\": \"StringProperty [value: Ido]\",\r\n    \"minimumInterest\": 0,\r\n    \"minimumYaz\": 0,\r\n    \"maxOpenLoans\": 2147483647,\r\n    \"userCategoriesList\": [\r\n        \"Setup a business\",\r\n        \"Happy Event\"\r\n    ]\r\n}",
									"options": {
										"raw": {
											"language": "json"
										}
									}
								},
								"url": {
									"raw": "http://localhost:8080/chatApp/showRelevantLoansServlet",
									"protocol": "http",
									"host": [
										"localhost"
									],
									"port": "8080",
									"path": [
										"chatApp",
										"showRelevantLoansServlet"
									]
								}
							},
							"status": "OK",
							"code": 200,
							"_postman_previewlanguage": "json",
							"header": [
								{
									"key": "Transfer-Encoding",
									"value": "chunked"
								},
								{
									"key": "Date",
									"value": "Sun, 10 Jul 2022 14:27:56 GMT"
								},
								{
									"key": "Keep-Alive",
									"value": "timeout=20"
								},
								{
									"key": "Connection",
									"value": "keep-alive"
								}
							],
							"cookie": [],
							"body": "[\n    {\n        \"loanId\": \"Damn the banks\",\n        \"loanerName\": \"avi\",\n        \"loanGoal\": \"Setup a business\",\n        \"totalSumOfLoan\": 42000,\n        \"totalYazTime\": 21,\n        \"paysEveryYaz\": 7,\n        \"interestPerPayment\": 20,\n        \"interestMoneyPerPayment\": 0,\n        \"totalInterestMoneyPerLoan\": 0,\n        \"singlePayment\": 0,\n        \"totalFundWithInterest\": 0,\n        \"status\": \"NEW\",\n        \"investorsList\": [],\n        \"totalBalance\": 0,\n        \"missingMoney\": 42000,\n        \"paymentsList\": [],\n        \"fundPaymentsUntilNow\": 0,\n        \"fundPaymentsUntilNowWithoutInterest\": 0,\n        \"interestPaymentsUntilNow\": 0,\n        \"fundLeftToPay\": 0,\n        \"fundLeftToPayWithoutInterest\": 0,\n        \"interestLeftToPay\": 0,\n        \"nextPaymentAccumulatedInRisk\": 0,\n        \"nextPaymentAccumulatedInRiskWithoutInterest\": 0,\n        \"unpaidPayments\": [],\n        \"numOfUnpaidPayments\": 0,\n        \"amountOfUnpaidPayments\": 0,\n        \"startingYaz\": 0,\n        \"endingYaz\": 0,\n        \"nextYazOfPayment\": 0\n    },\n    {\n        \"loanId\": \"Bar Mitzva !\",\n        \"loanerName\": \"avi\",\n        \"loanGoal\": \"Happy Event\",\n        \"totalSumOfLoan\": 2500,\n        \"totalYazTime\": 25,\n        \"paysEveryYaz\": 5,\n        \"interestPerPayment\": 15,\n        \"interestMoneyPerPayment\": 0,\n        \"totalInterestMoneyPerLoan\": 0,\n        \"singlePayment\": 0,\n        \"totalFundWithInterest\": 0,\n        \"status\": \"NEW\",\n        \"investorsList\": [],\n        \"totalBalance\": 0,\n        \"missingMoney\": 2500,\n        \"paymentsList\": [],\n        \"fundPaymentsUntilNow\": 0,\n        \"fundPaymentsUntilNowWithoutInterest\": 0,\n        \"interestPaymentsUntilNow\": 0,\n        \"fundLeftToPay\": 0,\n        \"fundLeftToPayWithoutInterest\": 0,\n        \"interestLeftToPay\": 0,\n        \"nextPaymentAccumulatedInRisk\": 0,\n        \"nextPaymentAccumulatedInRiskWithoutInterest\": 0,\n        \"unpaidPayments\": [],\n        \"numOfUnpaidPayments\": 0,\n        \"amountOfUnpaidPayments\": 0,\n        \"startingYaz\": 0,\n        \"endingYaz\": 0,\n        \"nextYazOfPayment\": 0\n    }\n]"
						}
					]
				}
			]
		}
	]
}